date,term_days,demand_volume,placement_volume,cutoff_rate,avg_rate
2010-01-11,1,43187.44,43187.44,,6.07
2010-01-12,1,38736.74,33170.18,,6.06
2010-01-12,7,78127.64,78127.64,,6.08
2010-01-13,1,15577.16,15577.16,,6.07
2010-01-14,1,13570.51,9679.08,,6.09
2010-01-15,3,9124.68,9124.68,,6.1
2010-01-18,1,8433.48,8433.48,,6.06
2010-01-19,1,8060.73,8060.73,,6.05
2010-01-19,7,48845.31,48845.31,,6.07
2010-01-20,1,8468.84,8468.84,,6.07
2010-01-21,1,6067.34,6067.34,,6.06
2010-01-22,3,8757.98,8757.98,,6.11
2010-01-25,1,70009.42,70009.42,,6.47
2010-01-25,182,143.16,143.16,,8.05
2010-01-26,1,52397.98,52397.98,,6.13
2010-01-26,7,86322.9,86322.9,,6.15
2010-01-27,1,13258.37,13258.37,,6.14
2010-01-28,1,14367.82,14367.82,,6.18
2010-01-29,3,14445.13,14445.13,,6.14
2010-02-01,1,14930.1,14930.1,,6.11
2010-02-02,7,24144.85,24144.85,,6.09
2010-02-02,1,13468.56,13468.56,,6.12
2010-02-03,1,91.62,91.62,,6.08
2010-02-04,1,39653.04,39653.04,,6.08
2010-02-05,3,31466.56,31466.56,,6.08
2010-02-08,1,25213.68,21993.07,,6.08
2010-02-09,1,5865.34,5865.34,,6.11
2010-02-09,7,19122.34,19122.34,,6.06
2010-02-10,1,9953.17,9953.17,,6.11
2010-02-11,1,7834.43,7834.43,,6.12
2010-02-12,3,8589.39,8589.39,,6.13
2010-02-15,1,481.83,481.83,,6.22
2010-02-16,1,9420.31,9420.31,,6.15
2010-02-16,7,19622.46,19622.46,,6.08
2010-02-17,1,7662.88,7662.88,,6.16
2010-02-18,1,5881.76,5881.76,,6.15
2010-02-19,5,6265.75,6265.75,,6.15
2010-02-19,7,49482.82,49482.82,,6.05
2010-02-24,1,7306.12,7306.12,,5.88
2010-02-25,1,8764.11,8764.11,,5.87
2010-02-26,1,7933.2,7933.2,,5.86
2010-02-27,2,5409.61,5409.61,,5.84
2010-03-01,1,5281.06,5281.06,,5.83
2010-03-02,1,10279.86,9604.93,,5.87
2010-03-02,7,48410.49,48410.49,,5.86
2010-03-03,1,9907.5,9907.5,,5.9
2010-03-04,1,8194.26,8194.26,,5.9
2010-03-05,4,7501.39,7501.39,,5.91
2010-03-09,1,17302.81,11153.97,,5.91
2010-03-09,7,51386.61,43715.21,,5.92
2010-03-10,1,12815.98,12815.98,,5.91
2010-03-11,1,13045.38,13045.38,,5.92
2010-03-12,3,8360.73,8360.73,,5.95
2010-03-15,1,8633.07,8633.07,,5.94
2010-03-16,7,31860.33,31860.33,,5.94
2010-03-16,1,1004.89,1004.89,,5.89
2010-03-17,1,11536.01,4995.65,,5.99
2010-03-18,1,9448.53,9448.53,,6.0
2010-03-19,3,6392.33,6392.33,,5.98
2010-03-22,1,4416.46,4416.46,,5.94
2010-03-23,1,5063.55,5063.55,,5.94
2010-03-23,7,28104.98,28104.98,,5.93
2010-03-24,1,8232.73,8232.73,,5.94
2010-03-25,1,6816.72,6816.72,,5.96
2010-03-26,3,7024.78,7024.78,,5.94
2010-03-29,1,541.21,541.21,,5.67
2010-03-30,1,7431.6,7431.6,,5.75
2010-03-30,7,6747.98,6747.98,,5.76
2010-03-31,1,6388.21,6388.21,,5.72
2010-04-01,1,6580.71,6580.71,,5.69
2010-04-02,3,6137.72,6137.72,,5.67
2010-04-05,1,6679.43,6679.43,,5.66
2010-04-06,1,10546.82,9659.8,,5.7
2010-04-06,7,4585.32,4585.32,,5.63
2010-04-07,1,9688.59,9688.59,,5.7
2010-04-08,1,5703.51,5703.51,,5.69
2010-04-09,3,4336.99,4336.99,,5.7
2010-04-12,1,5370.11,5370.11,,5.7
2010-04-13,1,6011.58,6011.58,,5.71
2010-04-13,7,3677.84,3677.84,,5.59
2010-04-14,1,7924.62,7924.62,,5.66
2010-04-15,1,7047.02,7047.02,,5.66
2010-04-16,3,8220.11,8220.11,,5.67
2010-04-19,1,28073.46,24578.46,,5.72
2010-04-20,1,8163.19,8163.19,,5.73
2010-04-20,7,3814.84,3814.84,,5.62
2010-04-21,1,235.05,235.05,,5.92
2010-04-22,1,31736.84,31736.84,,5.75
2010-04-23,3,44125.87,34901.94,,5.76
2010-04-26,1,32008.96,32008.96,,5.76
2010-04-27,1,29676.41,29676.41,,5.76
2010-04-27,7,3560.04,3560.04,,5.62
2010-04-28,1,29745.57,29745.57,,5.77
2010-04-29,1,9123.84,9123.84,,5.87
2010-04-30,4,7382.06,7382.06,,5.74
2010-05-04,7,3928.4,3928.4,,5.35
2010-05-04,1,5640.7,5640.7,,5.56
2010-05-05,1,5890.47,5890.47,,5.49
2010-05-06,1,5157.94,5157.94,,5.47
2010-05-07,4,6099.73,6099.73,,5.49
2010-05-11,1,7899.12,7899.12,,5.53
2010-05-11,7,3882.11,3882.11,,5.34
2010-05-12,1,6469.28,6469.28,,5.49
2010-05-13,1,6293.27,6293.27,,5.47
2010-05-14,3,5629.26,5629.26,,5.45
2010-05-17,91,444.5,444.5,,6.75
2010-05-17,1,3313.74,3313.74,,5.44
2010-05-18,1,3319.21,3319.21,,5.38
2010-05-18,7,1619.61,1619.61,,5.29
2010-05-19,1,3132.59,3132.59,,5.38
2010-05-20,1,3621.46,3621.46,,5.33
2010-05-21,3,4108.39,4108.39,,5.33
2010-05-24,1,4048.9,4048.9,,5.31
2010-05-25,1,3803.88,3803.88,,5.31
2010-05-25,7,3102.21,3102.21,,5.28
2010-05-26,1,2918.25,2918.25,,5.3
2010-05-27,1,1271.64,1271.64,,5.3
2010-05-28,3,1270.78,1270.78,,5.31
2010-05-31,1,1256.08,1256.08,,5.3
2010-06-01,7,2244.28,2244.28,,5.11
2010-06-01,1,1666.92,1666.92,,5.13
2010-06-02,1,1343.53,1343.53,,5.12
2010-06-03,1,1419.38,1419.38,,5.07
2010-06-04,3,16001.43,16001.43,,5.06
2010-06-07,1,9354.14,9354.14,,5.05
2010-06-08,1,16337.24,16337.24,,5.04
2010-06-08,7,2258.57,2258.57,,5.06
2010-06-09,1,11059.54,11059.54,,5.04
2010-06-10,1,10586.55,10586.55,,5.03
2010-06-11,4,5671.05,5671.05,,5.03
2010-06-11,91,2100.0,2100.0,,6.5
2010-06-15,7,2280.76,2280.76,,5.28
2010-06-15,1,13261.88,7554.82,,5.07
2010-06-16,1,2468.52,2468.52,,5.1
2010-06-17,1,3018.05,3018.05,,5.09
2010-06-18,3,1278.98,1278.98,,5.07
2010-06-21,1,1023.77,1023.77,,5.07
2010-06-22,1,264.68,264.68,,5.07
2010-06-22,7,1085.37,1085.37,,5.04
2010-06-23,1,725.06,725.06,,5.08
2010-06-24,1,369.42,369.42,,5.07
2010-06-25,3,413.05,413.05,,5.1
2010-06-28,1,2939.45,2939.45,,5.19
2010-06-29,1,4810.02,4810.02,,5.16
2010-06-29,7,6773.85,6773.85,,5.11
2010-06-30,1,2686.47,2686.47,,5.09
2010-07-01,1,2288.62,2288.62,,5.09
2010-07-02,3,893.71,893.71,,5.07
2010-07-05,1,893.83,893.83,,5.07
2010-07-06,1,949.93,949.93,,5.07
2010-07-06,7,2278.72,2278.72,,5.11
2010-07-07,1,881.54,881.54,,5.07
2010-07-08,1,2073.51,2073.51,,5.08
2010-07-09,3,1037.14,1037.14,,5.08
2010-07-12,1,1003.79,1003.79,,5.07
2010-07-13,7,1928.68,1928.68,,5.08
2010-07-13,1,1062.24,1062.24,,5.07
2010-07-14,1,510.89,510.89,,5.06
2010-07-15,1,521.28,521.28,,5.06
2010-07-16,3,463.06,463.06,,5.07
2010-07-19,1,493.2,493.2,,5.07
2010-07-20,1,2225.04,2225.04,,5.09
2010-07-20,7,3729.84,3729.84,,5.16
2010-07-21,1,380.85,380.85,,5.06
2010-07-22,1,343.4,343.4,,5.08
2010-07-23,3,380.06,380.06,,5.08
2010-07-26,1,392.59,392.59,,5.07
2010-07-27,1,454.08,454.08,,5.06
2010-07-27,7,4265.34,4265.34,,5.14
2010-07-28,1,597.73,597.73,,5.04
2010-07-29,1,581.04,581.04,,5.03
2010-07-30,3,532.4,532.4,,5.04
2010-08-02,1,462.54,462.54,,5.03
2010-08-03,1,595.27,595.27,,5.03
2010-08-03,7,4205.09,4205.09,,5.1
2010-08-04,1,593.0,593.0,,5.03
2010-08-05,1,2063.89,2063.89,,5.09
2010-08-06,3,400.6,400.6,,5.02
2010-08-09,1,537.12,537.12,,5.02
2010-08-10,1,361.21,361.21,,5.03
2010-08-10,7,3660.46,3660.46,,5.11
2010-08-11,1,369.78,369.78,,5.05
2010-08-12,1,275.52,275.52,,5.05
2010-08-13,3,225.72,225.72,,5.04
2010-08-16,1,700.41,700.41,,5.14
2010-08-17,7,2737.63,2737.63,,5.09
2010-08-17,1,360.5,360.5,,5.04
2010-08-18,1,215.17,215.17,,5.04
2010-08-19,1,296.12,296.12,,5.03
2010-08-20,3,4862.64,4862.64,,5.31
2010-08-23,1,488.75,488.75,,5.02
2010-08-24,1,535.71,535.71,,5.03
2010-08-24,7,2060.4,2060.4,,5.08
2010-08-25,1,398.92,398.92,,5.03
2010-08-26,1,360.03,360.03,,5.03
2010-08-27,3,360.48,360.48,,5.03
2010-08-30,1,360.38,360.38,,5.04
2010-08-31,1,304.29,304.29,,5.05
2010-08-31,7,1547.07,1547.07,,5.09
2010-09-01,1,194.26,194.26,,5.05
2010-09-02,1,291.5,291.5,,5.05
2010-09-03,3,597.89,597.89,,5.07
2010-09-06,1,611.51,611.51,,5.06
2010-09-06,91,74.97,74.97,,6.51
2010-09-07,1,749.16,749.16,,5.06
2010-09-07,7,520.05,520.05,,5.07
2010-09-08,1,289.86,289.86,,5.05
2010-09-09,1,291.42,291.42,,5.05
2010-09-10,3,291.39,291.39,,5.05
2010-09-13,1,1667.35,1667.35,,5.04
2010-09-14,7,617.34,617.34,,5.04
2010-09-14,1,1377.2,1377.2,,5.04
2010-09-15,1,609.24,609.24,,5.05
2010-09-16,1,128.21,128.21,,5.05
2010-09-17,3,128.26,128.26,,5.1
2010-09-20,1,268.99,268.99,,5.07
2010-09-21,1,1362.3,1362.3,,5.05
2010-09-21,7,618.4,618.4,,5.04
2010-09-22,1,1208.34,1208.34,,5.04
2010-09-23,1,173.87,173.87,,5.07
2010-09-24,3,250.58,250.58,,5.06
2010-09-27,1,555.36,555.36,,5.06
2010-09-28,1,704.04,704.04,,5.05
2010-09-28,7,100.79,100.79,,5.04
2010-09-29,1,162.08,162.08,,5.06
2010-09-30,1,11.94,11.94,,5.01
2010-10-01,3,595.19,595.19,,5.05
2010-10-04,1,111.18,111.18,,5.05
2010-10-05,1,20.34,20.34,,5.01
2010-10-05,7,90.58,90.58,,5.04
2010-10-12,7,67.37,67.37,,5.03
2010-10-18,1,38.6,38.6,,5.15
2010-10-19,1,47.41,47.41,,5.1
2010-10-19,7,116.59,116.59,,5.07
2010-10-20,1,38.72,38.72,,5.08
2010-10-21,1,225.25,225.25,,5.19
2010-10-22,3,153.51,153.51,,5.16
2010-10-25,1,185.98,185.98,,5.14
2010-10-26,7,239.29,239.29,,5.18
2010-10-26,1,212.54,212.54,,5.17
2010-10-27,1,119.19,119.19,,5.08
2010-10-28,1,146.4,146.4,,5.06
2010-10-29,3,120.65,120.65,,5.01
2010-11-01,91,84.79,84.79,,6.51
2010-11-01,1,450.08,450.08,,5.0
2010-11-02,7,229.52,229.52,,5.1
2010-11-10,1,63.35,63.35,,5.14
2010-11-22,1,801.81,801.81,,5.03
2010-11-23,1,983.66,983.66,,5.06
2010-11-25,1,25.65,25.65,,5.05
2010-11-29,1,1933.18,1933.18,,5.07
2010-11-30,7,167.99,167.99,,5.18
2010-11-30,1,3175.1,1260.46,,6.7
2010-12-01,1,6870.55,6870.55,,5.2
2010-12-02,1,5318.2,5318.2,,5.2
2010-12-03,3,4443.12,4443.12,,5.22
2010-12-06,1,5127.28,5127.28,,5.2
2010-12-06,91,169.58,169.58,,6.55
2010-12-07,1,5705.19,5705.19,,5.21
2010-12-08,1,3999.93,3999.93,,5.23
2010-12-09,1,3758.83,3758.83,,5.1
2010-12-10,3,2045.07,2045.07,,5.15
2010-12-16,1,208.75,208.75,,5.05
2010-12-20,91,2031.73,2031.73,,6.51
2010-12-24,3,678.86,678.86,,5.15
2010-12-27,1,1079.77,1079.77,,5.11
2010-12-28,1,1161.46,1161.46,,5.14
2010-12-28,14,640.53,640.53,,5.02
2010-12-29,1,1784.01,1784.01,,5.15
2011-04-29,4,4553.68,4553.68,,5.39
2011-05-03,1,17122.0,17122.0,,5.52
2011-05-04,1,1516.37,1513.37,,5.55
2011-05-27,3,1770.04,1770.04,,5.54
2011-05-30,1,10757.85,10757.85,,5.54
2011-05-31,1,253.84,253.84,,5.53
2011-06-22,1,1965.48,1965.48,,5.5
2011-06-23,1,1946.13,1946.13,,5.5
2011-06-24,3,1946.31,1946.31,,5.5
2011-06-27,1,1946.56,1946.56,,5.5
2011-06-28,1,1985.12,1985.12,,5.5
2011-06-29,1,2116.59,2116.59,,5.5
2011-06-30,1,2081.13,2081.13,,5.5
2011-07-28,1,13060.22,13060.22,,5.56
2011-07-29,3,9105.89,9105.89,,5.55
2011-08-01,1,2148.83,2148.83,,5.5
2011-08-08,1,574.66,574.66,,5.55
2011-08-09,1,617.39,617.39,,5.55
2011-08-10,1,421.41,421.41,,5.53
2011-08-11,1,560.85,560.85,,5.69
2011-08-12,3,489.59,489.59,,5.57
2011-08-15,1,536.2,536.2,,5.57
2011-08-16,1,1261.4,1261.4,,5.53
2011-08-17,1,1257.94,1257.94,,5.51
2011-08-18,1,1160.44,1160.44,,5.51
2011-08-19,3,1535.4,1535.4,,5.52
2011-08-22,1,825.66,825.66,,5.5
2011-08-23,7,382.21,382.21,,5.5
2011-08-23,1,1299.72,1299.72,,5.5
2011-08-24,1,798.16,798.16,,5.51
2011-08-25,1,330.55,330.55,,5.59
2011-08-26,3,450.63,450.63,,5.53
2011-08-29,1,5500.65,5500.65,,5.53
2011-08-30,1,12283.1,12283.1,,5.53
2011-08-30,7,2705.75,2705.75,,5.53
2011-08-31,1,1127.41,1127.41,,5.5
2011-09-01,1,619.3,619.3,,5.52
2011-09-02,3,196.56,196.56,,5.51
2011-09-05,1,40873.87,40873.87,,5.54
2011-09-06,1,140.0,140.0,,5.6
2011-09-07,1,375.18,375.18,,5.51
2011-09-13,1,384.87,384.87,,5.5
2011-09-14,1,405.55,405.55,,5.5
2011-09-15,1,14433.96,14433.96,,5.27
2011-09-16,3,169523.16,149819.04,,5.34
2011-09-19,1,125555.37,125555.37,,5.31
2011-09-19,91,188.95,188.95,,6.76
2011-09-20,7,11935.48,9206.29,,5.33
2011-09-20,1,180737.52,180737.52,,5.3
2011-09-21,1,1085.65,1085.65,,5.28
2011-09-22,1,94176.41,94176.41,,5.28
2011-09-23,3,94412.34,94412.34,,5.28
2011-09-26,1,170853.48,170853.48,,5.3
2011-09-27,1,150307.46,150307.46,,5.29
2011-09-27,7,14126.88,9661.77,,5.43
2011-09-28,1,199512.19,199512.19,,5.29
2011-09-29,1,4631.21,4631.21,,5.28
2011-09-30,3,44949.82,44949.82,,5.29
2011-10-03,1,179419.58,179419.58,,5.29
2011-10-04,7,18672.9,18672.9,,5.33
2011-10-04,1,113046.45,113046.45,,5.28
2011-10-05,1,87181.56,87181.56,,5.28
2011-10-06,1,86529.08,86529.08,,5.28
2011-10-07,3,70143.15,70143.15,,5.28
2011-10-10,1,85463.83,85463.83,,5.28
2011-10-11,1,168276.09,54158.73,,5.32
2011-10-11,7,78047.62,78047.62,,5.28
2011-10-12,1,401673.86,388913.64,,5.3
2011-10-13,1,277805.91,277805.91,,5.28
2011-10-14,3,267322.3,267322.3,,5.28
2011-10-17,91,371.17,371.17,,6.79
2011-10-17,1,300549.11,300549.11,,5.28
2011-10-18,1,379486.25,379486.25,,5.27
2011-10-18,7,146880.35,146880.35,,5.27
2011-10-19,1,18358.54,18358.54,,5.3
2011-10-20,1,244834.61,244834.61,,5.27
2011-10-21,3,296258.94,296258.94,,5.28
2011-10-24,1,305953.19,305953.19,,5.27
2011-10-25,1,392709.52,392709.52,,5.27
2011-10-25,7,206317.26,206317.26,,5.27
2011-10-26,1,274020.15,274020.15,,5.28
2011-10-27,1,292441.82,292441.82,,5.27
2011-10-28,3,50353.99,50353.99,,5.26
2011-10-31,1,198224.57,198224.57,,5.28
2011-11-01,1,239263.28,239263.28,,5.27
2011-11-01,7,163770.58,163770.58,,5.26
2011-11-02,1,221812.8,221812.8,,5.27
2011-11-03,4,137757.01,137757.01,,5.28
2011-11-07,1,177041.16,177041.16,,5.27
2011-11-08,7,153789.05,153789.05,,5.26
2011-11-08,1,70763.52,70763.52,,5.26
2011-11-09,1,157706.54,157706.54,,5.27
2011-11-10,1,364829.61,364829.61,,5.26
2011-11-11,3,370904.02,370904.02,,5.26
2011-11-14,1,373501.02,373501.02,,5.26
2011-11-14,91,41447.66,41447.66,,6.75
2011-11-15,1,521376.57,521376.57,,5.26
2011-11-15,7,263158.3,263158.3,,5.26
2011-11-16,1,4117.48,4117.48,,5.27
2011-11-17,1,146627.99,146627.99,,5.28
2011-11-18,3,175970.2,175970.2,,5.27
2011-11-21,1,215181.93,215181.93,,5.27
2011-11-22,7,254803.17,254803.17,,5.26
2011-11-22,1,195058.18,195058.18,,5.27
2011-11-23,1,177152.95,177152.95,,5.27
2011-11-24,1,168645.48,168645.48,,5.27
2011-11-25,3,85610.81,85610.81,,5.28
2011-11-28,1,426976.27,426976.27,,5.27
2011-11-29,1,529582.87,478740.27,,5.27
2011-11-29,7,340125.8,340125.8,,5.27
2011-11-30,1,373693.88,373693.88,,5.31
2011-12-01,1,260239.19,260239.19,,5.29
2011-12-02,3,169035.97,169035.97,,5.29
2011-12-05,91,71055.86,71055.86,,6.75
2011-12-05,1,8641.15,8641.15,,5.29
2011-12-06,1,185546.55,119418.45,,5.31
2011-12-06,7,351321.08,351321.08,,5.28
2011-12-07,1,202242.89,102914.26,,5.37
2011-12-08,1,234517.2,109249.53,,5.62
2011-12-09,3,205178.19,127644.31,,5.88
2011-12-12,1,376434.48,257733.35,,5.66
2011-12-13,7,623623.09,623623.09,,5.55
2011-12-13,1,13886.29,6255.82,,5.79
2011-12-14,1,56728.95,56728.95,,5.27
2011-12-15,1,201686.79,139382.05,,5.54
2011-12-16,3,149529.95,119929.73,,5.57
2011-12-19,1,134181.03,37109.24,,5.94
2011-12-19,91,95210.57,54818.14,,6.9
2011-12-20,1,110784.18,49863.02,,6.08
2011-12-20,7,707371.81,568273.17,,5.56
2011-12-21,1,187451.21,99997.21,,5.94
2011-12-22,1,161566.17,59810.78,,6.34
2011-12-23,3,4872.07,4872.07,,6.47
2011-12-26,1,289006.64,242378.51,,6.08
2011-12-27,1,297079.86,217571.45,,6.07
2011-12-28,1,775016.39,775016.39,,5.58
2011-12-29,12,192254.15,192254.15,,5.61
2011-12-29,1,352678.99,352678.99,,5.36
2011-12-30,11,119443.44,119443.44,,5.35
2011-12-30,4,31295.2,31295.2,,5.27
2012-01-03,1,7233.85,6200.44,,5.26
2012-01-04,1,108644.86,48883.05,,5.26
2012-01-05,1,50075.95,49807.38,,5.25
2012-01-06,3,30706.25,30706.25,,5.25
2012-01-09,1,50623.48,49945.78,,5.25
2012-01-10,1,194321.07,82157.92,,6.01
2012-01-10,7,57311.61,254.46,,6.55
2012-01-11,1,37509.8,10979.98,,6.1215
2012-01-12,1,24554.09,11397.23,,6.0921
2012-01-13,3,19378.19,11138.27,,6.0825
2012-01-16,1,275.86,275.86,,5.3106
2012-01-16,91,140916.27,124762.67,,6.9405
2012-01-17,1,14953.44,9661.78,,5.7001
2012-01-17,7,26203.02,3486.02,,5.658
2012-01-18,1,13699.62,9878.58,,5.6273
2012-01-19,1,4064.42,4064.42,,5.9014
2012-01-20,3,4884.41,4884.41,,5.6858
2012-01-23,1,11166.36,9073.54,,5.4977
2012-01-24,7,274567.58,194554.81,,5.4218
2012-01-24,1,32054.41,32054.41,,5.3711
2012-01-25,1,4923.51,1794.83,,5.969
2012-01-26,1,17368.98,3811.16,,6.0595
2012-01-27,3,104966.95,47440.49,,6.0428
2012-01-30,1,84780.01,38300.55,,6.0675
2012-01-31,1,37887.66,9952.38,,6.0784
2012-01-31,7,39428.55,10765.25,,6.0027
2012-02-01,1,22510.95,9540.73,,6.0592
2012-02-02,1,5087.53,5087.53,,5.8344
2012-02-03,3,4316.97,4316.97,,5.4946
2012-02-06,1,1605.33,1605.33,,5.4801
2012-02-07,7,4182.4,4182.4,,5.3041
2012-02-07,1,1640.71,1640.71,,5.4769
2012-02-09,1,1502.2,1502.2,,5.4996
2012-02-10,3,1765.91,1765.91,,5.2633
2012-02-13,1,1275.25,1275.25,,5.2527
2012-02-14,1,1220.28,1220.28,,5.2514
2012-02-14,7,9838.61,9838.61,,5.274
2012-02-15,1,4195.89,4195.89,,5.3487
2012-02-16,1,2602.36,2602.36,,5.2874
2012-02-17,3,2448.5,2448.5,,5.2629
2012-02-20,91,15406.8,15406.8,,6.7698
2012-02-20,1,3685.94,3685.94,,5.2781
2012-02-21,1,3687.13,3687.13,,5.2767
2012-02-21,7,12699.93,6200.42,,5.3336
2012-02-22,2,3758.08,3758.08,,5.3305
2012-02-24,3,4973.17,4973.17,,5.3045
2012-02-27,1,5151.42,5151.42,,5.2955
2012-02-28,1,16385.63,16385.63,,5.2776
2012-02-28,7,15953.71,15953.71,,5.2904
2012-02-29,1,101806.03,101806.03,,5.3116
2012-03-01,1,55288.12,55288.12,,5.3138
2012-03-02,3,12944.14,12944.14,,5.2989
2012-03-05,1,6932.45,6932.45,,5.2724
2012-03-06,7,15308.09,15308.09,,5.292
2012-03-06,1,189.56,189.56,,5.337
2012-03-07,4,5909.02,5909.02,,5.2932
2012-03-11,1,11616.49,11616.49,,5.2664
2012-03-12,1,50191.57,50191.57,,5.2764
2012-03-13,1,154061.82,121266.98,,5.3507
2012-03-13,7,102024.42,102024.42,,5.3023
2012-03-14,1,66306.71,66306.71,,5.3167
2012-03-15,1,1786.91,1786.91,,5.2979
2012-03-16,3,17092.65,17092.65,,5.318
2012-03-19,1,131436.61,85687.49,,5.3654
2012-03-20,1,141551.97,141551.97,,5.371
2012-03-20,7,141274.03,141274.03,,5.298
2012-03-21,1,133077.34,133077.34,,5.3601
2012-03-22,1,85984.01,85984.01,,5.3292
2012-03-23,3,46397.54,46397.54,,5.292
2012-03-26,1,176587.7,176587.7,,5.3104
2012-03-27,1,31214.01,31214.01,,5.3739
2012-03-27,7,195522.89,195522.89,,5.2864
2012-03-28,1,186250.27,186250.27,,5.3337
2012-03-29,1,309181.71,309181.71,,5.295
2012-03-30,3,475526.61,339660.61,,5.3307
2012-04-02,1,371073.87,209606.78,,5.5505
2012-04-03,7,338821.06,306335.17,5.2513,5.3887
2012-04-03,1,330737.59,214714.06,5.4,5.6378
2012-04-04,1,3973.68,2763.18,,5.3784
2012-04-05,1,19085.7,9819.8,5.36,5.5251
2012-04-06,3,4613.54,4613.54,,5.565
2012-04-09,1,4418.7,4418.7,5.25,5.462
2012-04-09,364,28573.8,28573.8,7.75,7.7623
2012-04-10,7,73438.0,73438.0,5.25,5.3056
2012-04-10,1,2638.7,2638.7,5.25,5.3639
2012-04-11,1,166419.1,138031.1,5.3001,5.4195
2012-04-12,1,135053.2,129524.1,5.28,5.3996
2012-04-13,3,207848.2,169991.2,5.352,5.5097
2012-04-16,91,99986.7,99986.7,6.75,6.8379
2012-04-16,1,7081.6,1799.8,5.56,5.7036
2012-04-17,1,331147.0,219586.8,5.3989,5.4959
2012-04-17,7,372061.7,372061.7,5.25,5.321
2012-04-18,1,76288.9,9869.9,5.62,5.754
2012-04-19,1,48734.4,9426.9,5.7111,5.7739
2012-04-20,3,207661.6,148287.5,5.3506,5.5182
2012-04-23,1,186350.7,119847.3,5.374,5.5385
2012-04-24,1,4871.4,2435.8,5.853,5.9324
2012-04-24,7,504872.3,504872.3,5.25,5.2988
2012-04-25,1,236657.7,185681.6,5.31,5.5446
2012-04-26,1,282004.6,219958.2,5.4007,5.4805
2012-04-27,1,460268.0,388652.8,5.351,5.515
2012-04-28,4,451943.3,451943.3,5.26,5.4958
2012-04-28,8,436852.6,436852.6,5.25,5.3089
2012-05-02,1,440179.3,440179.3,5.25,5.3719
2012-05-03,1,545543.3,499418.4,5.26,5.3408
2012-05-04,1,84451.4,84451.4,5.25,5.2654
2012-05-05,6,828299.9,796668.2,5.2501,5.2726
2012-05-05,5,166014.1,145977.7,5.2789,5.3766
2012-05-10,1,131255.8,9970.7,5.88,5.9088
2012-05-11,1,202175.8,139583.9,5.5001,5.7106
2012-05-12,2,164077.7,164077.7,5.25,5.4762
2012-05-14,1,223137.4,174866.7,5.27,5.4767
2012-05-15,1,1473.7,1473.7,5.2501,5.2831
2012-05-15,7,519692.8,519692.8,5.25,5.3039
2012-05-16,1,115278.7,115278.7,5.25,5.5603
2012-05-17,1,123613.2,123613.2,5.25,5.4154
2012-05-18,3,178395.9,178395.9,5.25,5.4599
2012-05-21,91,96097.5,96097.5,6.75,6.7575
2012-05-21,1,216552.0,216552.0,5.25,5.44
2012-05-22,1,253167.3,253167.3,5.25,5.3555
2012-05-22,7,583071.4,583071.4,5.25,5.2909
2012-05-23,1,9018.2,3978.4,5.65,5.7392
2012-05-24,1,99647.7,99647.7,5.25,5.4137
2012-05-25,3,232133.0,232133.0,5.25,5.4236
2012-05-28,1,336718.4,336718.4,5.25,5.4183
2012-05-29,1,334940.9,334940.9,5.25,5.3514
2012-05-29,7,477177.2,477177.2,5.25,5.2986
2012-05-30,1,359892.2,359892.2,5.25,5.3508
2012-05-31,1,344368.8,338936.0,5.2562,5.4627
2012-06-01,3,2414.9,2414.9,5.25,5.388
2012-06-04,1,240670.8,240670.8,5.25,5.3134
2012-06-05,1,176340.1,176340.1,5.25,5.3033
2012-06-05,7,515702.4,515702.4,5.25,5.2808
2012-06-06,1,176523.6,176523.6,5.25,5.3115
2012-06-07,1,190368.1,190368.1,5.25,5.2974
2012-06-08,1,361483.0,361483.0,5.25,5.3537
2012-06-09,7,692396.7,692396.7,5.25,5.2761
2012-06-09,4,36584.1,36584.1,5.25,5.2703
2012-06-13,1,267468.5,267468.5,5.25,5.3088
2012-06-14,1,408387.2,408387.2,5.25,5.3446
2012-06-15,3,579451.6,474342.5,5.27,5.3912
2012-06-18,1,486927.9,486927.9,5.25,5.3428
2012-06-18,91,15764.7,15764.7,6.75,6.7525
2012-06-19,1,413143.6,413143.6,5.25,5.3052
2012-06-19,7,615147.2,615147.2,5.25,5.2794
2012-06-20,1,6801.2,6801.2,5.25,5.3733
2012-06-21,1,18007.1,18007.1,5.26,5.3795
2012-06-22,3,350035.7,350035.7,5.25,5.3113
2012-06-25,1,437627.0,437627.0,5.25,5.3182
2012-06-26,1,381777.5,381777.5,5.25,5.3038
2012-06-26,7,628108.8,628108.8,5.25,5.2802
2012-06-27,1,381448.9,381448.9,5.25,5.2966
2012-06-28,1,512074.5,512074.5,5.25,5.2839
2012-06-29,3,21761.1,21761.1,5.25,5.3599
2012-07-02,1,552829.5,476273.0,5.251,5.295
2012-07-03,1,461443.5,417755.5,5.2506,5.3048
2012-07-03,7,664605.0,664605.0,5.25,5.2724
2012-07-04,1,212457.8,212457.8,5.25,5.3017
2012-07-05,1,267268.6,267268.6,5.25,5.2763
2012-07-06,3,9849.4,9849.4,5.25,5.3424
2012-07-09,364,804.8,804.8,7.75,7.7552
2012-07-09,1,2314.7,132.3,5.7,5.7
2012-07-10,1,436862.8,329970.9,5.2528,5.3468
2012-07-10,7,1044610.7,1001810.0,5.2501,5.2708
2012-07-11,1,162154.2,112349.3,5.3001,5.3823
2012-07-12,1,225429.9,157681.6,5.3101,5.3963
2012-07-13,3,282500.5,249042.8,5.3001,5.3674
2012-07-16,1,246516.0,246516.0,5.25,5.3634
2012-07-16,91,66781.5,48808.7,6.7507,6.7583
2012-07-17,1,213318.2,213318.2,5.25,5.3544
2012-07-17,7,1014292.4,1014292.4,5.25,5.2741
2012-07-18,1,16719.7,16719.7,5.2501,5.2975
2012-07-19,1,227539.5,227539.5,5.25,5.3192
2012-07-20,3,261031.3,261031.3,5.25,5.3034
2012-07-23,1,292866.4,292866.4,5.25,5.3007
2012-07-24,1,300298.2,300298.2,5.25,5.2943
2012-07-24,7,1026287.9,1026287.9,5.25,5.2679
2012-07-25,1,524651.7,524651.7,5.25,5.303
2012-07-26,1,537070.2,537070.2,5.25,5.2962
2012-07-27,3,12200.0,12200.0,5.25,5.2881
2012-07-30,1,518899.6,518899.6,5.25,5.2913
2012-07-31,1,507156.7,507156.7,5.25,5.2919
2012-07-31,7,1098185.4,1098185.4,5.25,5.2694
2012-08-01,1,344521.0,344521.0,5.25,5.3192
2012-08-02,1,210835.3,210835.3,5.25,5.3046
2012-08-03,3,306616.4,208924.5,5.3001,5.3351
2012-08-06,1,12806.6,7037.8,5.59,5.7077
2012-08-07,1,17756.5,8208.3,5.76,6.0104
2012-08-07,7,1150509.2,1138736.9,5.2503,5.2875
2012-08-08,1,127753.3,49571.3,5.625,5.7823
2012-08-09,1,35813.2,4381.9,5.91,6.0249
2012-08-10,3,23764.1,8887.0,6.0,6.0203
2012-08-13,1,45664.2,9146.4,6.06,6.0744
2012-08-14,7,1253443.6,1197783.2,5.2523,5.3118
2012-08-14,1,46316.7,3430.0,6.1001,6.1253
2012-08-15,1,23899.4,9951.6,5.92,6.0917
2012-08-16,1,622.8,622.8,5.441,5.5211
2012-08-17,3,14222.0,9834.6,5.403,5.6486
2012-08-20,1,30191.0,9723.0,5.5511,5.7176
2012-08-20,91,65483.9,49870.5,6.808,6.8251
2012-08-21,1,36179.8,7872.5,5.81,5.9051
2012-08-21,7,1188444.7,1077525.5,5.2591,5.3386
2012-08-22,1,42338.1,38632.3,5.261,5.5635
2012-08-23,1,24427.4,8986.0,5.51,5.8448
2012-08-24,3,9795.9,9795.9,5.25,5.6132
2012-08-27,1,322762.0,318235.2,5.2508,5.5326
2012-08-28,7,1270375.0,1258276.8,5.2505,5.2974
2012-08-28,1,332020.7,332020.7,5.251,5.3941
2012-08-29,1,83087.6,83087.6,5.25,5.4891
2012-08-30,1,68755.8,26349.7,5.52,5.5998
2012-08-31,3,23234.0,23234.0,5.26,5.5795
2012-09-03,1,16363.6,8229.1,5.4001,5.5355
2012-09-04,7,857929.8,857929.8,5.25,5.3026
2012-09-04,1,573.1,573.1,5.27,5.6452
2012-09-05,1,25431.2,25431.2,5.25,5.4343
2012-09-06,1,39257.9,19933.4,5.501,5.6583
2012-09-07,3,10380.0,9647.3,5.261,5.6485
2012-09-10,1,183913.5,183913.5,5.25,5.2613
2012-09-11,1,265763.2,246051.1,5.2503,5.2823
2012-09-11,7,1149441.1,1149441.1,5.25,5.2834
2012-09-12,1,45530.1,29504.0,5.37,5.4993
2012-09-13,1,7285.9,7285.9,5.251,5.2827
2012-09-14,3,47894.2,47894.2,5.5,5.6504
2012-09-17,1,152495.1,95633.9,5.551,5.6598
2012-09-17,91,76491.1,48200.5,7.0913,7.1602
2012-09-18,1,166562.9,119164.1,5.6163,5.7013
2012-09-18,7,1198737.1,1198737.1,5.5,5.5461
2012-09-19,1,86643.6,59965.1,5.69,5.7971
2012-09-20,1,53730.8,53730.8,5.5012,5.7453
2012-09-21,3,54865.3,29305.9,5.7504,5.8445
2012-09-24,1,480.3,480.3,5.85,5.9648
2012-09-25,1,52503.3,52503.3,5.5001,5.6501
2012-09-25,7,1004907.1,1004907.1,5.5,5.5494
2012-09-26,1,286687.7,286687.7,5.5,5.5928
2012-09-27,1,257847.2,257847.2,5.5,5.5779
2012-09-28,3,173312.3,173312.3,5.5,5.5619
2012-10-01,1,97579.2,97579.2,5.5,5.6158
2012-10-02,7,897751.5,897751.5,5.5,5.5446
2012-10-02,1,143571.8,143571.8,5.5,5.59
2012-10-03,1,33195.0,33195.0,5.5,5.5075
2012-10-04,1,63971.1,63971.1,5.5,5.5773
2012-10-05,3,111923.2,111923.2,5.5,5.564
2012-10-08,1,123193.4,123193.4,5.5,5.5661
2012-10-09,1,310759.2,199706.5,5.576,5.6106
2012-10-09,7,1110222.0,1077389.7,5.5006,5.5456
2012-10-10,1,154538.3,69196.6,5.7501,5.9033
2012-10-11,1,167909.1,98961.8,5.8002,5.9432
2012-10-12,3,444.9,77.6,6.3613,6.4015
2012-10-15,91,59989.9,46666.1,7.0004,7.0365
2012-10-15,1,178077.9,178077.9,5.51,5.8732
2012-10-16,1,205473.5,197076.4,5.513,5.7048
2012-10-16,7,1194651.6,1194651.6,5.5,5.5415
2012-10-17,1,131954.1,131954.1,5.5001,5.7018
2012-10-18,1,116429.2,116429.2,5.5,5.6523
2012-10-19,3,5713.9,5713.9,5.5001,5.5395
2012-10-22,1,31889.8,31889.8,5.5,5.5996
2012-10-23,1,132696.6,132696.6,5.5001,5.6879
2012-10-23,7,1052932.6,1052932.6,5.5,5.5391
2012-10-24,1,202793.9,188702.8,5.5002,5.6186
2012-10-25,1,338158.8,338158.8,5.5,5.5594
2012-10-26,3,401776.9,401776.9,5.5,5.5526
2012-10-29,1,399494.2,399494.2,5.5,5.5394
2012-10-30,7,1033626.9,1033626.9,5.5,5.5431
2012-10-30,1,451818.7,451818.7,5.5,5.5327
2012-10-31,1,110051.5,110051.5,5.5,5.5136
2012-11-01,1,258953.0,258953.0,5.5,5.5824
2012-11-02,4,222102.7,222102.7,5.5,5.5745
2012-11-06,1,208816.3,208816.3,5.5,5.5792
2012-11-06,7,1038661.5,1038661.5,5.5,5.5394
2012-11-07,1,189893.6,189893.6,5.5,5.5722
2012-11-08,1,185226.2,185226.2,5.5,5.5533
2012-11-09,3,116766.7,76380.5,5.552,5.6798
2012-11-12,1,4120.6,805.0,6.0015,6.0937
2012-11-13,1,174503.4,115531.9,5.6001,5.6843
2012-11-13,7,1067244.4,1067244.4,5.5,5.5419
2012-11-14,1,185751.7,179252.9,5.5345,5.651
2012-11-15,1,239969.7,239969.7,5.5,5.6419
2012-11-16,3,239732.0,239732.0,5.5,5.5777
2012-11-19,1,234028.9,234028.9,5.5,5.5628
2012-11-19,91,46303.6,46303.6,7.0,7.0049
2012-11-20,7,1222638.0,1222638.0,5.5,5.534
2012-11-20,1,159031.0,136139.3,5.5004,5.5098
2012-11-21,1,145446.2,145446.2,5.5,5.6374
2012-11-22,1,149368.6,149368.6,5.5,5.6125
2012-11-23,3,148505.9,148505.9,5.5,5.5795
2012-11-26,1,186585.9,186585.9,5.5,5.5703
2012-11-27,1,194007.3,194007.3,5.5,5.5834
2012-11-27,7,1199245.7,1199245.7,5.5,5.5315
2012-11-28,1,192761.4,192761.4,5.5,5.5123
2012-11-29,1,254270.3,254270.3,5.5,5.5435
2012-11-30,3,192796.6,192796.6,5.5,5.544
2012-12-03,1,235487.3,235487.3,5.5,5.5518
2012-12-04,7,1087274.4,1087274.4,5.5,5.5656
2012-12-04,1,574538.1,390995.8,5.6003,5.6079
2012-12-05,1,160063.9,160063.9,5.5,5.7049
2012-12-06,1,224709.6,224709.6,5.5,5.6438
2012-12-07,3,15987.4,15987.4,5.5,5.5309
2012-12-10,1,130339.9,99767.6,5.5006,5.5234
2012-12-11,1,238820.6,238820.6,5.5,5.5945
2012-12-11,7,1124822.0,1124822.0,5.5,5.5363
2012-12-12,1,223986.8,223986.8,5.5,5.5951
2012-12-13,1,277342.3,277342.3,5.5,5.5713
2012-12-14,3,310833.0,310833.0,5.5,5.5574
2012-12-17,1,299040.7,299040.7,5.5,5.5603
2012-12-17,91,40582.3,40582.3,7.0,7.0979
2012-12-18,7,1198662.8,1198662.8,5.5,5.529
2012-12-18,1,419979.6,394871.3,5.5006,5.5137
2012-12-19,1,265433.7,265433.7,5.5,5.5617
2012-12-20,1,317043.4,317043.4,5.5,5.5538
2012-12-21,3,331615.9,331615.9,5.5,5.5477
2012-12-24,1,303242.2,303242.2,5.5,5.5452
2012-12-25,1,304249.1,304249.1,5.5,5.5563
2012-12-25,14,845931.9,845931.9,5.5,5.5379
2012-12-26,1,301938.7,301938.7,5.5,5.5395
2012-12-27,1,555344.9,555344.9,5.5,5.5053
2012-12-28,12,179197.7,179197.7,5.5,5.5405
2013-01-08,1,159508.2,159508.2,5.5,5.5093
2013-01-09,1,103129.7,75724.6,5.6001,5.855
2013-01-09,7,1222136.6,1222136.6,5.5,5.5341
2013-01-10,1,27072.1,13912.0,5.7143,6.0517
2013-01-11,3,9969.6,9969.6,5.5,5.8904
2013-01-14,1,8998.9,8998.9,5.5,5.7275
2013-01-14,91,10000.2,10000.2,7.0,7.0
2013-01-15,7,953651.8,953651.8,5.5,5.5304
2013-01-15,1,125.0,125.0,5.5,5.6497
2013-01-16,1,7671.6,7671.6,5.5,5.5775
2013-01-17,1,31527.9,9893.6,5.624,5.7307
2013-01-18,3,124578.0,57662.1,5.5251,5.6054
2013-01-21,1,252470.9,214253.1,5.5005,5.5208
2013-01-22,1,281088.0,198865.6,5.5032,5.5445
2013-01-22,7,1437500.4,1295416.5,5.5019,5.5272
2013-01-23,1,850.1,495.6,6.11,6.4633
2013-01-24,1,1970.4,1970.4,5.51,5.6279
2013-01-25,3,195859.8,195859.8,5.5,5.515
2013-01-28,1,237778.8,126850.5,5.533,5.6588
2013-01-29,1,240839.4,124911.8,5.5701,5.6763
2013-01-29,7,1197342.1,1197342.1,5.5,5.5317
2013-01-30,1,291727.7,195651.5,5.5014,5.587
2013-01-31,1,139129.7,68607.0,5.703,5.7924
2013-02-01,3,71256.4,6461.6,6.1117,6.1572
2013-02-04,1,1715.2,1715.2,5.52,6.4335
2013-02-05,1,20530.2,9848.1,5.9601,6.0454
2013-02-05,7,792357.7,696708.0,5.5019,5.6066
2013-02-06,1,9936.5,9936.5,5.501,5.985
2013-02-07,1,19534.9,9976.5,5.651,6.003
2013-02-08,3,6484.0,6484.0,5.5001,5.817
2013-02-11,1,35674.3,35674.3,5.5,5.5442
2013-02-12,1,69584.4,53384.0,5.5002,5.5381
2013-02-12,7,868888.9,848385.8,5.5005,5.5555
2013-02-13,1,8194.3,6382.8,5.9,6.4888
2013-02-14,1,73677.3,37034.8,5.5111,5.649
2013-02-15,3,192258.3,99158.6,5.551,5.6175
2013-02-18,1,249805.9,148442.6,5.51,5.6058
2013-02-18,91,10373.3,10373.3,7.0,7.0036
2013-02-19,1,234839.9,153499.5,5.5521,5.6264
2013-02-19,7,1179588.2,1179588.2,5.5,5.5342
2013-02-20,1,7834.3,5784.1,6.05,6.4872
2013-02-21,1,1017.2,486.9,6.5,6.5006
2013-02-22,3,131195.6,67318.7,5.811,5.9327
2013-02-25,1,252075.9,249096.4,5.5002,5.6588
2013-02-26,7,1192059.5,1192059.5,5.5,5.5359
2013-02-26,1,255121.6,178698.5,5.6001,5.7086
2013-02-27,1,154075.7,138211.7,5.5004,5.6741
2013-02-28,1,210665.8,210665.8,5.5001,5.5876
2013-03-01,3,473.4,135.9,6.05,6.0619
2013-03-04,1,12481.7,4394.4,5.91,6.0087
2013-03-05,1,129735.3,39765.8,5.7952,5.8832
2013-03-05,7,1216250.1,1134143.9,5.5011,5.5396
2013-03-06,1,196880.8,113336.2,5.5519,5.6977
2013-03-07,4,235981.2,138470.4,5.7005,5.8346
2013-03-11,1,329753.9,244206.0,5.5017,5.6195
2013-03-12,7,1154756.6,1154756.6,5.5,5.5389
2013-03-12,1,228023.1,168053.5,5.5323,5.6786
2013-03-13,1,137504.2,69941.6,5.59,5.7459
2013-03-14,1,804.8,804.8,5.61,5.8323
2013-03-15,3,182264.9,119784.2,5.5046,5.6449
2013-03-18,1,165849.7,79569.7,5.6153,5.722
2013-03-18,91,36000.9,36000.9,7.0,7.0722
2013-03-19,1,168178.5,79526.7,5.7078,5.7699
2013-03-19,7,1341638.5,1341638.5,5.5,5.5352
2013-03-20,1,65661.8,9781.6,6.0856,6.2023
2013-03-21,1,27953.1,4743.7,6.111,6.1915
2013-03-22,3,3423.6,2174.3,6.1201,6.4334
2013-03-25,1,194203.5,194203.5,5.5,5.6251
2013-03-26,1,156982.3,68826.2,5.7552,5.8569
2013-03-26,7,1275154.7,1275154.7,5.5,5.5331
2013-03-27,1,241736.5,178426.9,5.5025,5.6876
2013-03-28,1,442240.2,405340.6,5.5007,5.5388
2013-03-29,3,175625.2,175625.2,5.51,5.6878
2013-04-01,1,232593.3,198824.8,5.5012,5.6407
2013-04-02,1,26777.1,15930.5,5.5007,5.6905
2013-04-02,7,1013836.3,1013836.3,5.5,5.5396
2013-04-03,1,297086.9,288832.9,5.5002,5.5643
2013-04-04,1,164606.8,164606.8,5.5003,5.6148
2013-04-05,3,84789.3,84789.3,5.5011,5.5954
2013-04-08,1,98089.9,98089.9,5.5,5.5731
2013-04-09,1,2443.8,251.2,6.0,6.0273
2013-04-09,7,1204753.6,1204753.6,5.5,5.5301
2013-04-10,1,671.4,671.4,5.7,5.9056
2013-04-11,1,250731.6,208969.4,5.5005,5.5688
2013-04-12,3,213743.2,197858.9,5.5003,5.556
2013-04-15,1,216051.0,216051.0,5.5,5.5411
2013-04-15,91,10099.1,10099.1,6.75,6.75
2013-04-16,1,299387.0,299387.0,5.5,5.5268
2013-04-16,7,1401218.9,1401218.9,5.5,5.5253
2013-04-17,1,161851.9,105093.5,5.6002,5.7048
2013-04-18,1,998.8,349.7,5.9011,6.0808
2013-04-19,3,360156.4,253845.6,5.5032,5.6076
2013-04-22,1,418509.9,339687.8,5.5027,5.5622
2013-04-23,1,380545.6,348215.7,5.5019,5.5623
2013-04-23,6,1651124.8,1651124.8,5.5,5.5238
2013-04-24,1,169000.2,169000.2,5.5011,5.6585
2013-04-25,1,276840.7,276840.7,5.5,5.5766
2013-04-26,3,20847.8,20847.8,5.51,5.5586
2013-04-29,1,72244.8,72244.8,5.5,5.5127
2013-04-29,8,1464589.5,1464589.5,5.5,5.5256
2013-04-30,6,210430.0,210430.0,5.5,5.5572
2013-05-06,1,476700.3,476700.3,5.5,5.5317
2013-05-07,1,265441.8,265441.8,5.5,5.6029
2013-05-07,7,1331516.9,1331516.9,5.5,5.526
2013-05-08,5,167055.2,167055.2,5.5,5.5656
2013-05-13,1,218082.3,218082.3,5.5,5.5466
2013-05-14,1,321284.9,315236.0,5.5001,5.5051
2013-05-14,7,1538171.7,1538171.7,5.5,5.5225
2013-05-15,1,253202.2,253202.2,5.5,5.5482
2013-05-16,1,226463.2,226463.2,5.5,5.5408
2013-05-17,3,264194.2,264194.2,5.5,5.5391
2013-05-20,91,10481.9,10481.9,6.5001,6.5024
2013-05-20,1,273356.9,273356.9,5.5,5.5562
2013-05-21,1,314467.5,314467.5,5.5,5.5468
2013-05-21,7,1640933.8,1640933.8,5.5,5.5207
2013-05-22,1,270965.0,270965.0,5.5,5.5536
2013-05-23,1,266476.0,262691.8,5.51,5.5591
2013-05-24,3,252368.4,252368.4,5.5,5.5464
2013-05-27,1,271159.6,271159.6,5.5,5.5436
2013-05-28,1,277948.1,277948.1,5.5,5.5341
2013-05-28,7,1501122.9,1501122.9,5.5,5.5208
2013-05-29,1,325026.5,325026.5,5.5,5.5332
2013-05-30,1,350876.2,350876.2,5.5,5.5282
2013-05-31,3,488046.5,470000.0,5.5001,5.5258
2013-06-03,1,375918.9,375918.9,5.5,5.5403
2013-06-04,1,4215.3,2507.4,6.5,6.5022
2013-06-04,8,1431745.8,1431745.8,5.5,5.5284
2013-06-05,1,432413.7,320000.0,5.5051,5.5545
2013-06-06,1,256982.6,230000.0,5.5303,5.5937
2013-06-07,3,180816.6,130000.0,5.565,5.6601
2013-06-10,1,180993.3,180993.3,5.5,5.5951
2013-06-11,2,125656.6,106596.1,5.5003,5.5109
2013-06-11,6,1539432.1,1539432.1,5.5,5.5252
2013-06-13,1,3000.6,1521.3,5.661,5.7428
2013-06-14,3,225236.7,225236.7,5.5003,5.5706
2013-06-17,1,250535.4,250535.4,5.5,5.5604
2013-06-17,91,36400.8,36400.8,6.5,6.5427
2013-06-18,1,245346.9,245346.9,5.5,5.552
2013-06-18,7,1675094.4,1675094.4,5.5,5.5221
2013-06-19,1,226623.1,200000.0,5.5301,5.5991
2013-06-20,1,302809.7,290000.0,5.5001,5.579
2013-06-21,3,339386.2,260000.0,5.55,5.6052
2013-06-24,1,359495.2,280000.0,5.5601,5.6151
2013-06-25,7,1536713.6,1536713.6,5.5,5.5259
2013-06-25,1,27157.0,27157.0,5.5051,5.6284
2013-06-26,1,612102.9,600000.0,5.5001,5.5434
2013-06-27,1,610876.0,600000.0,5.5001,5.543
2013-06-28,3,349207.9,349207.9,5.5002,5.5722
2013-07-01,1,563535.2,430000.0,5.5017,5.5655
2013-07-02,1,533472.1,390000.0,5.502,5.5795
2013-07-02,7,1651979.7,1651979.7,5.5,5.5237
2013-07-03,1,292232.0,210000.0,5.5513,5.6071
2013-07-04,1,212720.6,190000.0,5.571,5.6273
2013-07-05,3,211973.8,150000.0,5.6,5.6595
2013-07-08,1,141105.8,130000.0,5.6,5.6702
2013-07-09,1,144735.6,100000.0,5.65,5.7188
2013-07-09,7,1681318.0,1681318.0,5.5,5.5227
2013-07-10,1,146927.7,146927.7,5.5002,5.6493
2013-07-11,1,221445.5,221445.5,5.5,5.5942
2013-07-12,3,389799.3,330000.0,5.5009,5.5707
2013-07-15,1,410719.3,390000.0,5.5003,5.5603
2013-07-16,1,445514.0,430000.0,5.5003,5.5552
2013-07-16,7,1855295.3,1855295.3,5.5,5.5213
2013-07-17,1,230798.9,200000.0,5.5451,5.6084
2013-07-18,1,240484.7,210000.0,5.552,5.6108
2013-07-19,3,229330.6,200000.0,5.5662,5.6262
2013-07-22,1,333873.9,333873.9,5.5,5.5661
2013-07-23,1,358850.0,358850.0,5.5,5.5551
2013-07-23,7,1987891.8,1987891.8,5.5,5.5194
2013-07-24,1,223745.7,223745.7,5.5004,5.6057
2013-07-25,1,285655.2,285655.2,5.5,5.5624
2013-07-26,3,316989.8,316989.8,5.5,5.5595
2013-07-29,1,356442.4,356442.4,5.5,5.5536
2013-07-30,1,327282.1,270000.0,5.55,5.5958
2013-07-30,7,1694233.2,1694233.2,5.5,5.5265
2013-07-31,1,244065.4,244065.4,5.5,5.5742
2013-08-01,1,255132.8,255132.8,5.5,5.5958
2013-08-02,3,293571.4,240000.0,5.552,5.6011
2013-08-05,1,274081.2,160000.0,5.615,5.6623
2013-08-06,1,264868.5,110000.0,5.7154,5.7704
2013-08-06,7,1642730.5,1642730.5,5.5,5.5378
2013-08-07,1,222755.3,180000.0,5.5005,5.6918
2013-08-08,1,160053.9,130000.0,5.6111,5.7492
2013-08-09,3,118054.2,90000.0,5.73,5.7954
2013-08-12,1,153016.2,153016.2,5.5,5.6602
2013-08-13,7,1763452.1,1763452.1,5.5,5.5283
2013-08-13,1,229309.1,110000.0,5.7451,5.7736
2013-08-14,1,94226.2,10000.0,6.2999,6.4118
2013-08-15,1,171292.9,90278.8,5.8421,5.9433
2013-08-16,3,218042.4,170134.0,5.5005,5.6981
2013-08-19,1,195464.1,170000.0,5.56,5.6709
2013-08-20,1,236448.8,236448.8,5.5,5.5989
2013-08-20,7,1957460.8,1957460.8,5.5,5.5243
2013-08-21,1,169178.6,169178.6,5.5,5.6255
2013-08-22,1,178739.7,178739.7,5.5,5.5994
2013-08-23,3,153091.3,153091.3,5.5,5.5744
2013-08-26,1,202865.6,202865.6,5.5,5.5573
2013-08-27,1,278835.6,278835.6,5.5,5.5519
2013-08-27,7,1933796.7,1933796.7,5.5,5.5239
2013-08-28,1,307949.4,307949.4,5.5,5.5428
2013-08-29,1,336887.8,336887.8,5.5,5.5471
2013-08-30,3,271644.0,271644.0,5.5,5.56
2013-09-02,1,208334.6,180000.0,5.515,5.6597
2013-09-03,1,188562.0,188562.0,5.5,5.603
2013-09-03,7,1593179.8,1593179.8,5.5,5.5246
2013-09-04,1,304430.3,304430.3,5.5,5.5351
2013-09-05,1,356519.2,356519.2,5.5,5.5266
2013-09-06,3,485884.1,485884.1,5.5,5.5192
2013-09-09,1,469092.7,469092.7,5.5,5.5201
2013-09-10,7,1960619.4,1960619.4,5.5,5.5208
2013-09-10,1,581002.3,581002.3,5.5,5.5164
2013-09-11,1,254035.4,254035.4,5.5,5.5897
2013-09-12,1,236893.0,210000.0,5.5,5.5971
2013-09-13,3,243248.0,243248.0,5.5,5.572
2013-09-16,91,30000.8,30000.8,6.5,6.5021
2013-09-16,1,333196.5,333196.5,5.5,5.5741
2013-09-17,1,354250.0,354250.0,5.5,5.5483
2013-09-17,7,2103063.9,2103063.9,5.5,5.5201
2013-09-18,1,191703.2,191703.1,5.5,5.6019
2013-09-19,1,209445.2,200000.0,5.5,5.5815
2013-09-20,3,273901.0,273901.0,5.5,5.5645
2013-09-23,1,290479.8,290000.0,5.5,5.5584
2013-09-24,1,282195.9,282195.9,5.5,5.5452
2013-09-24,7,2055690.3,2055690.3,5.5,5.5198
2013-09-25,1,374717.3,374717.3,5.5,5.54
2013-09-26,1,486930.9,486930.9,5.5,5.5369
2013-09-27,3,468575.1,468575.1,5.5,5.5294
2013-09-30,1,309075.1,309075.1,5.5,5.582
2013-10-01,7,2202936.0,2202936.0,5.5,5.5201
2013-10-01,1,488521.4,350000.0,5.5005,5.5648
2013-10-02,1,233622.4,110307.7,5.62,5.7241
2013-10-03,1,176735.7,70517.9,5.756,5.8377
2013-10-04,3,97306.4,70518.4,5.5103,5.7636
2013-10-07,1,24789.7,24789.7,5.51,5.7163
2013-10-08,1,13378.4,10968.8,5.55,5.8737
2013-10-08,7,1786674.4,1786674.4,5.5,5.5194
2013-10-09,1,103889.9,103889.9,5.5,5.5539
2013-10-10,1,498332.3,460000.0,5.5,5.5317
2013-10-11,3,479212.5,479212.5,5.5,5.5232
2013-10-14,1,518439.6,518439.6,5.5,5.5263
2013-10-14,350,115.9,115.9,7.25,7.3061
2013-10-15,7,1676722.9,1676722.9,5.5,5.5314
2013-10-15,1,294174.7,170000.0,5.6651,5.7575
2013-10-16,1,302080.1,162816.4,5.6501,5.7664
2013-10-17,1,210860.6,150000.0,5.66,5.7627
2013-10-18,3,236155.0,190000.0,5.653,5.7245
2013-10-21,1,333965.3,290000.0,5.5,5.6222
2013-10-22,1,334182.7,220000.0,5.56,5.6506
2013-10-22,7,2006368.5,2006368.5,5.5,5.5217
2013-10-23,1,120112.1,10000.0,6.2455,6.2954
2013-10-24,1,139794.0,80000.0,5.8558,5.9882
2013-10-25,3,272721.5,272721.5,5.5,5.5927
2013-10-28,1,312003.7,312003.7,5.5,5.5658
2013-10-29,7,1987973.1,1987973.1,5.5,5.5214
2013-10-29,1,259615.0,259615.0,5.5,5.5957
2013-10-30,1,247867.5,247867.5,5.5,5.5731
2013-10-31,1,239912.2,239912.2,5.5,5.5882
2013-11-01,4,246322.0,246322.0,5.5,5.5721
2013-11-05,7,1891962.3,1891962.3,5.5,5.5267
2013-11-05,1,236630.5,170000.0,5.6123,5.6928
2013-11-06,1,225676.3,180000.0,5.56,5.6877
2013-11-07,1,200471.7,150000.0,5.65,5.7114
2013-11-08,3,64251.5,50000.0,5.555,5.7605
2013-11-11,1,202890.7,140000.0,5.5,5.5582
2013-11-12,7,2148564.4,2120000.0,5.5,5.5207
2013-11-12,1,185538.0,150000.0,5.5,5.5883
2013-11-13,1,120628.5,40000.0,5.81,5.8717
2013-11-14,1,164274.8,150000.0,5.54,5.6704
2013-11-15,3,201545.8,201545.8,5.5,5.5777
2013-11-18,1,202769.7,180000.0,5.5321,5.6134
2013-11-18,91,1220.5,1220.5,6.51,6.5172
2013-11-19,7,2189201.7,2189201.7,5.5,5.5212
2013-11-19,1,182710.0,150000.0,5.56,5.6418
2013-11-20,1,168983.1,168983.1,5.5001,5.6251
2013-11-21,1,200394.5,160000.0,5.5822,5.6371
2013-11-22,3,208693.2,208693.2,5.5,5.6032
2013-11-25,1,278993.4,278993.4,5.5,5.5659
2013-11-26,1,285984.6,285984.6,5.5,5.5818
2013-11-26,7,2246637.9,2246637.9,5.5,5.52
2013-11-27,1,286268.5,286268.5,5.5,5.5796
2013-11-28,1,305539.6,305539.6,5.5,5.5859
2013-11-29,3,307722.8,307722.8,5.5,5.5903
2013-12-02,1,315541.2,315541.2,5.5,5.5698
2013-12-03,1,320553.4,320553.4,5.5,5.5706
2013-12-03,7,2008689.8,2008689.8,5.5,5.5224
2013-12-04,1,280979.0,280979.0,5.5,5.5735
2013-12-05,1,257887.8,257887.8,5.5,5.5441
2013-12-06,3,384342.0,384342.0,5.5,5.5287
2013-12-09,1,435129.9,435129.9,5.5,5.5271
2013-12-10,1,636709.6,636709.6,5.5,5.5152
2013-12-10,7,2568265.5,2568265.5,5.5,5.5164
2013-12-11,1,279451.3,279451.3,5.5,5.5526
2013-12-12,1,311478.8,260000.0,5.5415,5.6106
2013-12-13,3,329775.4,310000.0,5.5002,5.612
2013-12-16,1,321312.1,321312.1,5.5,5.5923
2013-12-16,91,40239.3,40239.3,6.5,6.5505
2013-12-17,1,330722.8,330722.8,5.5,5.5917
2013-12-17,7,2450479.6,2450479.6,5.5,5.5181
2013-12-18,1,388695.2,388695.2,5.5,5.5749
2013-12-19,1,491629.2,491629.2,5.5,5.5367
2013-12-20,3,512380.1,512380.1,5.5,5.5291
2013-12-23,1,540060.8,540060.8,5.5,5.5262
2013-12-24,21,1523033.8,1523033.8,5.5,5.5227
2013-12-24,1,550100.0,550100.0,5.5,5.5228
2013-12-25,1,1451772.3,1451772.3,5.5,5.5509
2013-12-26,1,1551936.6,1551936.6,5.5,5.5256
2013-12-27,3,1552739.5,1552739.5,5.5,5.5225
2013-12-30,10,1311425.3,1311425.3,5.5,5.536
2014-01-09,1,974053.7,974053.7,5.5,5.548
2014-01-10,3,1002487.9,940000.0,5.5,5.532
2014-01-13,1,1154798.4,830000.0,5.5028,5.5558
2014-01-14,1,1054166.5,880000.0,5.5024,5.549
2014-01-14,7,2448850.9,2230000.0,5.5,5.5222
2014-01-15,1,214630.7,214630.7,5.5,5.6346
2014-01-16,1,163913.6,110000.0,5.505,5.6191
2014-01-17,3,221442.7,90000.0,5.6145,5.7132
2014-01-20,1,341855.2,250000.0,5.5015,5.6316
2014-01-21,7,2603893.0,2560000.0,5.5,5.5183
2014-01-21,1,426286.4,370000.0,5.5015,5.5547
2014-01-22,1,153897.4,10043.4,6.3145,6.3721
2014-01-23,1,227743.4,50330.1,6.04,6.1988
2014-01-24,3,128284.6,30406.4,6.3,6.3551
2014-01-27,1,225187.4,225187.4,5.5,5.6383
2014-01-28,1,314929.4,314929.4,5.5,5.5576
2014-01-28,7,2651396.8,2651396.8,5.5,5.5183
2014-01-29,1,158860.6,60000.0,6.0,6.1203
2014-01-30,1,52095.9,10280.6,6.3755,6.4017
2014-01-31,3,87245.3,40000.0,6.1905,6.3213
2014-02-04,7,2446973.8,2300000.0,5.5,5.5526
2014-02-11,7,2405377.8,2180000.0,5.5028,5.5564
2014-02-18,7,2448857.8,2260000.0,5.5201,5.5532
2014-02-25,7,2524166.8,2220000.0,5.5381,5.5674
2014-03-04,1,368218.5,368218.5,7.0,7.3351
2014-03-04,7,2371297.7,2371297.7,7.0,7.1631
2014-03-11,7,2434944.0,2210000.0,7.0599,7.1358
2014-03-14,3,203055.4,90000.0,7.25,7.4644
2014-03-17,1,412114.5,400000.0,7.0,7.0784
2014-03-18,1,437872.0,390000.0,7.0,7.0654
2014-03-18,7,2586556.2,2586556.2,7.0,7.0856
2014-03-24,1,120919.4,120919.4,7.0002,7.2845
2014-03-25,1,205799.0,205799.0,7.0,7.0638
2014-03-25,7,2757265.1,2757265.1,7.0,7.0459
2014-03-26,1,152322.9,152322.9,7.0,7.0779
2014-03-27,1,234379.3,200000.0,7.0,7.0576
2014-03-28,3,282625.5,282625.5,7.0,7.0411
2014-03-31,1,198448.9,198448.9,7.0,7.0733
2014-04-01,7,2868853.8,2868853.8,7.0,7.0448
2014-04-01,1,324596.7,210000.0,7.0006,7.0749
2014-04-08,7,3030048.2,3010000.0,7.0,7.0379
2014-04-15,7,3114992.8,2800000.0,7.041,7.0773
2014-04-21,2,324848.4,290000.0,7.0,7.105
2014-04-22,7,3163667.2,3163667.2,7.0,7.0446
2014-04-28,2,118420.0,118420.0,7.5,7.5812
2014-04-29,7,3148207.7,3148207.7,7.5,7.5461
2014-05-06,7,3286274.6,3286274.6,7.5,7.543
2014-05-13,7,3118970.0,2950000.0,7.5001,7.5716
2014-05-20,1,196297.5,196297.5,7.5,7.5984
2014-05-20,7,3144980.0,3144980.0,7.5,7.551
2014-05-27,7,2773578.3,2773578.3,7.5,7.5613
2014-06-03,7,2366405.6,2366405.6,7.5,7.563
2014-06-10,7,2388484.4,2388484.4,7.5,7.5725
2014-06-17,7,2570960.3,2480000.0,7.5,7.5673
2014-06-24,7,2567174.9,2567174.9,7.5,7.5573
2014-07-01,7,2648655.4,2250000.0,7.55,7.5866
2014-07-08,7,2533198.5,2450000.0,7.55,7.5892
2014-07-15,7,2703206.9,2703206.9,7.5,7.5739
2014-07-21,2,50229.8,50229.8,7.5,7.6443
2014-07-22,1,115366.1,115366.1,7.5,7.566
2014-07-22,7,2887954.9,2887954.9,7.5,7.5671
2014-07-28,2,67812.6,67812.6,8.0,8.0671
2014-07-29,7,2741524.8,2680000.0,8.0,8.0838
2014-08-05,7,2357608.8,2290000.0,8.0,8.0831
2014-08-12,7,2617569.3,2340000.0,8.06,8.0904
2014-08-19,7,2579496.5,2579496.5,8.0,8.097
2014-08-26,7,2521065.0,2410000.0,8.0,8.0823
2014-09-02,7,2171052.9,2100000.0,8.0008,8.0995
2014-09-09,7,2293356.0,2250000.0,8.035,8.0858
2014-09-16,7,2556103.1,2150000.0,8.081,8.1178
2014-09-18,6,421723.0,150000.0,8.19,8.3988
2014-09-23,7,2624206.5,2400000.0,8.1,8.1618
2014-09-30,7,2094891.7,1830000.0,8.07,8.3173
2014-10-07,7,2036323.7,1990000.0,8.0607,8.1677
2014-10-13,2,237848.1,220000.0,8.05,8.077
2014-10-14,7,2498662.5,2380000.0,8.05,8.1211
2014-10-17,3,337300.3,300000.0,8.05,8.1183
2014-10-20,2,398370.2,320000.0,8.1,8.1284
2014-10-21,7,2769228.9,2769228.9,8.0002,8.1338
2014-10-27,2,120329.0,120329.0,8.0,8.0744
2014-10-28,7,2881071.3,2881071.3,8.0,8.0993
2014-10-31,7,3104367.3,2850000.0,8.0701,8.1326
2014-11-11,7,3014376.5,2695000.0,9.6,9.6931
2014-11-18,7,3078915.0,2690000.0,9.6601,9.7191
2014-11-25,1,509987.4,200000.0,10.05,10.1037
2014-11-25,7,3345388.8,2790000.0,9.8015,9.9392
2014-12-02,7,3067232.7,2770000.0,9.5,9.8781
2014-12-09,7,3406826.2,3210000.0,9.671,9.9776
2014-12-16,7,3101253.8,3101253.8,17.0,17.3901
2014-12-17,1,237227.8,150000.0,17.0,17.4883
2014-12-19,3,487731.3,487731.3,17.0,17.1264
2014-12-22,1,368828.6,368828.6,17.0,17.1215
2014-12-23,1,332243.4,332243.4,17.0,17.1513
2014-12-23,6,3003298.4,3003298.4,17.0,17.2505
2014-12-24,1,167639.3,167639.3,17.0,17.0922
2014-12-25,1,187627.6,187627.6,17.0,17.047
2014-12-26,3,215646.1,215646.1,17.0,17.0628
2014-12-29,1,257503.6,230000.0,17.0001,17.2022
2014-12-30,15,2715180.0,2690000.0,17.0,17.356
2015-01-13,7,2872191.8,2450000.0,17.0,17.3014
2015-01-20,7,2635885.1,2200000.0,17.2101,17.3989
2015-01-27,7,2531404.1,2070000.0,17.2,17.4435
2015-02-03,7,1870012.1,1300000.0,15.4731,15.6027
2015-02-10,7,2103513.4,1200000.0,15.61,15.7314
2015-02-17,7,1754201.0,1450000.0,15.6102,15.7162
2015-02-24,7,1694995.7,1430000.0,15.651,15.7404
2015-03-03,7,1745235.7,1330000.0,15.73,15.7768
2015-03-10,7,1501031.7,1350000.0,15.0002,15.7224
2015-03-17,7,1666406.8,1450000.0,14.11,14.4327
2015-03-19,1,422203.3,170000.0,14.3102,14.5026
2015-03-24,7,1719094.0,1570000.0,14.2003,14.3721
2015-03-26,1,437958.9,180000.0,14.45,14.513
2015-03-30,2,445193.4,340000.0,14.1003,14.361
2015-03-31,7,1695123.9,1650000.0,14.241,14.3806
2015-04-07,7,1451899.7,1451899.7,14.0,14.2557
2015-04-14,7,2085039.7,2060000.0,14.021,14.2231
2015-04-20,2,371198.0,230000.0,14.2055,14.3658
2015-04-21,7,2361341.2,2360000.0,14.0199,14.2354
2015-04-27,2,101562.8,101562.8,14.0,14.2019
2015-04-28,7,2127797.9,2127797.9,14.0,14.1756
2015-04-29,1,133954.5,133954.5,14.0,14.1337
2015-05-05,7,2241441.1,2241441.1,12.5,12.6646
2015-05-12,7,1881706.5,1620000.0,12.5,12.7163
2015-05-19,7,2253047.7,2170000.0,12.55,12.6662
2015-05-26,7,2155588.9,1780000.0,12.604,12.7179
2015-06-02,7,1941187.3,1290000.0,12.737,12.8281
2015-06-05,3,608585.8,200000.0,12.93,13.024
2015-06-08,1,680075.9,260000.0,13.01,13.0735
2015-06-09,7,1979762.8,1580000.0,12.805,12.8966
2015-06-16,7,2193264.4,1700000.0,11.8512,11.9081
2015-06-23,7,2046234.6,1570000.0,11.9407,12.0137
2015-06-30,7,1996911.5,1450000.0,12.03,12.1121
2015-07-07,7,1521823.2,1370000.0,11.7501,12.044
2015-07-14,7,1635167.2,1230000.0,11.973,12.0619
2015-07-21,7,1861521.9,1620000.0,11.9501,12.0342
2015-07-28,7,1645580.9,1590000.0,11.7501,12.0098
2015-08-04,7,1250906.3,1120000.0,11.2701,11.5412
2015-08-11,7,1082051.1,900000.0,11.451,11.5813
2015-08-18,7,1335947.9,1080000.0,11.2501,11.5668
2015-08-25,7,1483815.5,1230000.0,11.2503,11.4867
2015-09-01,7,1053952.1,730000.0,11.4876,11.612
2015-09-08,7,1041523.9,950000.0,11.0003,11.5711
2015-09-15,7,1691730.6,1100000.0,11.4977,11.595
2015-09-22,7,1731836.2,1440000.0,11.513,11.6324
2015-09-29,7,1416074.8,910000.0,11.651,11.7308
2015-10-06,7,1098848.3,730000.0,11.6095,11.7666
2015-10-13,7,1361042.0,1030000.0,11.6036,11.7024
2015-10-20,7,1589607.4,1160000.0,11.6443,11.7315
2015-10-27,8,1471723.9,1090000.0,11.62,11.718
2015-11-03,6,1205829.4,570000.0,11.7855,11.8557
2015-11-10,7,1231950.6,770000.0,11.5111,11.7838
2015-11-17,7,1708273.6,990000.0,11.65,11.7681
2015-11-24,7,1350818.5,950000.0,11.6705,11.7731
2015-12-01,7,1085267.2,550000.0,11.8026,11.8442
2015-12-08,7,1438041.9,750000.0,11.7946,11.8434
2015-12-15,7,1482140.9,1000000.0,11.7998,11.8405
2015-12-22,7,1315514.2,1315514.2,11.0,11.808
2015-12-29,14,1442081.6,1442081.6,11.0,11.6007
2016-01-12,7,1853763.6,840000.0,11.821,11.8556
2016-01-19,7,1252322.1,620000.0,11.8681,11.9073
2016-01-26,7,893340.1,770000.0,11.8587,11.914
2016-02-02,7,392464.8,100000.0,12.0,12.0039
2016-02-09,7,473571.1,380000.0,11.0,11.7468
2016-02-16,7,960208.1,540000.0,11.2727,11.4951
2016-02-20,7,845898.0,490000.0,11.506,11.6209
2016-03-01,7,952282.3,430000.0,11.6126,11.6856
2016-03-04,7,837626.8,440000.0,11.7078,11.7805
2016-03-15,7,963782.6,670000.0,11.2828,11.6965
2016-03-22,7,1007439.8,800000.0,11.0991,11.5334
2016-03-29,7,962049.6,660000.0,11.428,11.5995
2016-04-05,7,579331.1,220000.0,11.737,11.8466
2016-04-12,7,457157.0,250000.0,11.4004,11.7253
2016-04-19,7,701234.0,540000.0,11.066,11.3512
2016-04-26,7,431064.2,431064.2,11.01,11.3323
2016-04-29,7,425945.1,410000.0,11.0202,11.2924
2016-05-10,7,426394.3,210000.0,11.25,11.4927
2016-05-17,7,864209.0,430000.0,11.2552,11.4623
2016-05-24,7,806093.8,610000.0,11.2877,11.4731
2016-05-31,7,643555.5,150000.0,11.86,11.9505
2016-06-07,7,453190.8,180000.0,11.76,11.9321
2016-06-14,7,559568.7,150000.0,11.356,11.4529
2016-06-21,7,751358.0,360000.0,11.11,11.2432
2016-06-28,7,620366.8,370000.0,11.12,11.264
2016-07-05,7,344457.2,100000.0,11.46,11.5018
2016-07-12,7,430405.9,120000.0,11.4903,11.5119
2016-07-19,7,529253.4,529253.4,10.51,10.8696
2016-07-26,7,828729.3,480000.0,10.6336,10.8308
2016-08-02,7,138782.5,10000.0,11.61,11.6959
2016-08-16,7,413297.2,100000.0,11.41,11.4815
2016-08-23,7,517035.6,320000.0,10.63,10.9585
2016-09-20,7,626378.4,620000.0,10.01,10.2052
2017-01-30,2,541127.0,270000.0,10.1801,10.232
2020-03-10,1,592355.7,500000.0,6.0102,6.039
2020-03-13,3,79958.0,79958.0,6.025,6.1512
2020-03-19,1,250180.1,250180.1,6.0,6.0493
2020-03-30,7,734183.8,500000.0,6.0118,6.1643
2020-03-31,6,368892.3,368892.3,6.0,6.0033
2020-04-06,2,424706.8,424706.8,6.0,6.132
2020-04-24,3,153926.6,153926.6,6.0,6.0021
2020-04-27,2,597358.8,500000.0,5.5,5.5019
2020-04-30,6,962054.3,500000.0,5.5501,5.5901
2020-05-06,6,779845.0,779845.0,5.5,5.5126
2020-06-22,365,5100.0,5100.0,4.75,4.75
2020-10-12,364,20010.0,20010.0,4.5,4.5
2020-10-12,28,600010.0,600010.0,4.35,4.35
2020-11-09,28,1200020.0,1200020.0,4.35,4.35
2020-12-07,364,10525.7,10525.7,4.5,4.7123
2020-12-07,35,806845.0,806845.0,4.35,4.3501
2021-01-11,364,10310.0,10310.0,4.5,4.5
2021-01-11,35,1102156.3,1102156.3,4.35,4.35
2021-02-15,35,50010.0,50010.0,4.35,4.35
2021-03-22,28,50010.0,50010.0,4.6,4.6
2021-03-22,364,5166.1,5166.1,4.75,4.9032
2021-04-19,28,360270.1,100000.0,4.6,4.6
2021-04-19,364,1161.6,1161.6,4.75,4.75
2021-05-17,35,260000.0,100000.0,5.1,5.1
2021-06-21,28,210000.0,100000.0,5.6,5.6
2021-07-19,364,20.0,20.0,5.75,5.75
2021-07-19,28,403074.2,100000.0,5.8301,5.8303
2021-08-16,364,20.0,20.0,6.75,6.75
2021-08-16,28,280000.0,100000.0,6.6,6.603
2021-09-13,28,60000.0,60000.0,6.85,6.8517
2021-09-13,364,20.0,20.0,7.0,7.0
2021-10-11,364,20.0,20.0,7.0,7.0
2021-10-11,28,150000.0,100000.0,7.0,7.0825
2021-11-08,364,270.0,270.0,7.75,7.75
2021-11-08,28,200010.1,100000.0,7.6,7.6301
2021-12-06,35,302676.1,100000.0,7.8502,7.9252
2021-12-06,364,20.0,20.0,7.75,7.75
2022-01-10,364,100020.0,100000.0,8.77,8.7705
2022-01-10,35,30010.0,30010.0,8.6,8.9001
2022-02-14,35,100060.0,100000.0,9.9,9.9
2022-02-14,364,20.0,20.0,9.75,9.75
2022-02-24,1,874085.5,874085.5,9.5,9.7209
2022-02-25,3,1929161.6,1929161.6,9.5,9.5454
2022-02-28,1,3037544.9,3037544.9,20.0,20.0051
2022-03-01,1,2394983.5,2394983.5,20.0,20.0109
2022-03-01,7,4141630.2,4141630.2,20.0,20.0011
2022-03-03,1,513900.2,513900.2,20.0,20.0108
2022-03-04,5,678701.3,678701.3,20.0,20.0155
2022-03-09,7,3364277.4,3000000.0,20.0,20.0031
2022-03-09,1,1634617.8,1634617.8,20.0,20.0087
2022-03-10,1,2107634.0,2107634.0,20.0,20.0017
2022-03-11,3,1990318.4,1990318.4,20.0,20.0018
2022-03-14,1,2104271.1,2104271.1,20.0,20.0017
2022-03-15,1,2439210.3,2439210.3,20.0,20.0014
2022-03-15,7,4841392.9,3000000.0,20.03,20.0353
2022-03-16,1,2045150.4,2045150.4,20.0,20.0084
2022-03-17,1,1940310.0,1940310.0,20.0,20.0064
2022-03-18,3,1964966.9,1964966.9,20.0,20.0034
2022-03-21,1,1709713.3,1709713.3,20.0,20.0042
2022-03-21,28,11158.6,11158.6,20.1,20.1557
2022-03-21,364,10167.4,10167.4,20.25,20.2537
2022-03-22,7,3514655.2,3514655.2,20.0,20.0277
2022-03-22,1,1401382.0,1401382.0,20.0,20.0048
2022-03-23,1,796122.2,796122.2,20.0,20.029
2022-03-24,1,413894.7,413894.7,20.0,20.0092
2022-03-25,3,622758.1,622758.1,20.0,20.0011
2022-03-28,1,823961.7,823961.7,20.0,20.0051
2022-03-29,1,534188.0,534188.0,20.0,20.0101
2022-03-29,7,1480506.8,1480506.8,20.0,20.0154
2022-03-30,1,1124446.8,1000000.0,20.02,20.021
2022-03-31,1,727327.5,727327.5,20.0,20.0063
2022-04-01,3,310786.0,310786.0,20.0,20.0016
2022-04-04,1,308896.4,308896.4,20.0,20.0005
2022-04-05,7,1603511.8,1500000.0,20.0,20.017
2022-04-05,1,209543.3,209543.3,20.0,20.0008
2022-04-12,7,1729175.9,760000.0,17.08,17.109
2022-04-18,364,7040.3,7040.3,17.25,17.25
2022-04-18,28,20.0,20.0,17.1,17.1
2022-04-19,7,1187114.3,1187114.3,17.0,17.0297
2022-04-26,7,689173.8,689173.8,17.0,17.0311
2022-05-04,7,1316836.0,550000.0,14.15,14.1891
2022-05-11,7,624221.0,200000.0,14.3,14.313
2022-05-16,35,198000.0,100000.0,14.1,14.1
2022-05-16,364,1192.8,1192.8,14.25,14.25
2022-06-20,28,100010.0,100000.0,9.6,9.6
2022-06-20,364,33.5,33.5,9.75,9.75
2022-07-18,364,1020.0,1020.0,9.75,9.75
2022-07-18,28,20.0,20.0,9.6,9.6
2022-08-15,364,310.0,310.0,8.25,8.25
2022-08-15,28,3420.0,3420.0,8.1,8.1471
2022-09-12,364,101010.0,100000.0,8.25,8.2501
2022-09-12,28,20.0,20.0,8.1,8.1
2022-10-10,364,100710.0,100000.0,7.75,7.7501
2022-10-10,28,200000.0,100000.0,7.6001,7.6002
2022-11-07,28,1391999.8,1391999.8,7.6,7.6
2022-11-07,371,108630.4,100000.0,7.75,7.751
2022-12-05,35,1000000.0,1000000.0,7.6,7.6
2022-12-05,371,100510.0,100000.0,7.75,7.7501
2023-01-09,371,100010.0,100000.0,7.75,7.75
2023-01-09,35,1900000.0,1500000.0,7.6001,7.6047
2023-02-13,364,105510.0,100000.0,7.75,7.75
2023-02-13,35,1300000.0,1000000.0,7.6,7.6
2023-03-20,364,107010.0,100000.0,7.75,7.75
2023-03-20,28,1500000.0,1000000.0,7.6,7.6
2023-04-17,364,109010.0,100000.0,7.75,7.75
2023-04-17,28,851475.6,851475.6,7.6,7.6
2023-05-15,35,500000.0,500000.0,7.6,7.6
2023-05-15,364,100010.0,100000.0,7.75,7.75
2023-12-11,35,200000.0,100000.0,15.15,15.15
2024-11-25,21,51010.0,51010.0,21.1,21.5235
2024-12-09,35,850000.0,850000.0,21.1,21.1001
2024-12-16,35,319514.9,319514.9,21.1,21.1498
2024-12-23,35,208980.2,208980.2,21.1,21.1011
2025-01-13,21,850000.0,850000.0,21.1,21.1
2025-01-20,21,450000.0,300000.0,21.21,21.21
2025-01-27,21,200010.5,200000.0,21.16,21.16
2025-02-03,21,900000.0,550000.0,21.1,21.1
2025-02-10,21,300000.0,200000.0,21.101,21.101
2025-02-17,21,300000.0,100000.0,21.11,21.11
2025-02-24,21,750000.0,250000.0,21.31,21.31
2025-03-03,21,300000.0,100000.0,21.5001,21.5001
2025-03-27,4,2595268.4,1500000.0,21.0002,21.2404
2025-04-07,2,1943150.7,810000.0,21.36,21.4357
2025-04-15,7,4133040.8,1770000.0,21.1167,21.243
2025-04-22,7,2290037.8,900000.0,21.2285,21.2682
2025-04-29,7,530100.8,200000.0,21.16,21.3071
2025-05-06,7,1998267.6,880000.0,21.0901,21.1519
2025-05-13,7,2168262.5,1040000.0,21.0923,21.1499
2025-05-20,7,2154889.6,866203.2,21.2127,21.2553
2025-05-27,7,614194.6,200000.0,21.2632,21.2831
2025-06-03,7,1441900.7,620000.0,21.1526,21.2077
2025-06-10,7,2124934.0,920000.0,20.1601,20.2095
2025-06-17,7,2317163.7,1020000.0,20.2049,20.2298
2025-06-24,7,2427348.2,1090000.0,20.2122,20.2312
2025-07-01,7,2251474.9,1020000.0,20.2223,20.2415
2025-07-08,7,1222186.8,1010000.0,20.2332,20.2391
2025-07-15,7,706379.9,706379.9,20.0017,20.0193
2025-07-22,7,685544.8,685544.8,20.0,20.002
2025-07-29,7,3977171.4,2160000.0,18.5532,18.6072
2025-08-05,7,2545131.5,1600000.0,18.0317,18.3029
2025-08-12,7,1301498.7,500000.0,18.3407,18.4893
2025-08-19,7,644023.2,310000.0,18.1117,18.2385
2025-08-26,7,786520.8,450000.0,18.1331,18.1799
2025-09-02,7,728401.9,560000.0,18.1121,18.1566
2025-09-09,1,860011.0,850000.0,18.0009,18.0009
2025-09-09,7,747044.5,747044.5,18.0,18.0318
2025-09-16,7,1874301.5,1330000.0,17.0517,17.1198
2025-09-23,7,1712668.7,1300000.0,17.0517,17.1132
2025-09-30,7,2270130.7,1490000.0,17.0517,17.1258
2025-10-07,7,2542326.6,1460000.0,17.0701,17.1158
2025-10-14,7,1318691.2,990000.0,17.08,17.1268
2025-10-21,7,726511.6,590000.0,17.0017,17.0563
2025-10-28,7,2772899.0,1680000.0,16.5016,16.6101
2025-11-05,7,3131869.5,2120000.0,16.5016,16.5274
2025-11-11,1,879820.2,850000.0,16.5016,16.5058
2025-11-11,7,3526649.2,2310000.0,16.5016,16.5199
2025-11-18,7,4560823.8,2830000.0,16.5016,16.5181
2025-11-25,7,4511705.7,2850000.0,16.5016,16.5174
2025-12-02,7,4938932.1,3270000.0,16.5005,16.5124
2025-12-09,7,4792798.4,3180000.0,16.5,16.5083
2025-12-16,7,4337875.6,3420000.0,16.5,16.5023
2025-12-23,6,6419184.7,3630000.0,16.0016,16.0926
2025-12-30,15,5287601.6,4700000.0,16.1102,16.2045
2026-01-13,7,4959156.8,3310000.0,16.0016,16.0575
2026-01-20,7,4855523.6,3230000.0,16.0016,16.0267
2026-01-27,7,4699245.1,3380000.0,16.1116,16.1121
2026-02-03,7,3414035.5,2760000.0,16.0016,16.0303
2026-02-10,7,3740225.2,3230000.0,16.0,16.0234
2026-02-10,1,1450001.0,1450000.0,16.0016,16.0016
2026-02-17,7,3862378.7,3160000.0,15.5015,15.5196
2026-02-24,7,4518629.1,3190000.0,15.5015,15.5279
2026-03-03,7,4181973.3,2990000.0,15.5015,15.5207
2026-03-10,7,5019856.8,3660000.0,15.5,15.5144
2026-03-10,1,3100000.0,3080000.0,15.5015,15.5069
2026-03-17,7,4753070.7,4180000.0,15.5,15.5082
2026-03-24,7,6461382.9,4090000.0,15.0015,15.0471
2026-03-31,7,5896230.3,4220000.0,15.0015,15.0319
2026-04-07,7,6198663.5,4610000.0,15.0015,15.0151
2026-04-14,1,310105.9,310000.0,15.0015,15.0015
2026-04-14,7,5225511.4,4330000.0,15.0,15.013
2026-04-21,7,5175118.1,4480000.0,15.0,15.0114
2026-04-28,7,6937777.9,4590000.0,14.5014,14.5494
2026-05-05,7,5427593.6,4130000.0,14.5014,14.5141
2026-05-12,7,5994956.8,4780000.0,14.5014,14.5112
2026-05-19,7,5721498.4,4410000.0,14.5014,14.5124
